pos,gap_fraction,nongap_count,entropy,consensus,consensus_freq
1,0.4868421052631579,78,2.311392661612976,M,0.28205128205128205
2,0.3815789473684211,94,2.565966585428261,M,0.1702127659574468
3,0.2894736842105263,108,2.597197254216233,S,0.17592592592592593
4,0.2236842105263158,118,2.3989615120989614,N,0.2627118644067797
5,0.20394736842105263,121,2.5550285470088383,R,0.2066115702479339
6,0.15789473684210525,128,1.663914042719598,L,0.3984375
7,0.125,133,2.1105737596059044,L,0.2857142857142857
8,0.11842105263157894,134,2.4082743310858827,E,0.20149253731343283
9,0.09210526315789473,138,2.108355261741115,L,0.34057971014492755
10,0.08552631578947369,139,1.3174662935990693,L,0.6690647482014388
11,0.08552631578947369,139,2.070020028097522,G,0.38848920863309355
12,0.07236842105263158,141,1.6404723735389184,I,0.41134751773049644
13,0.07236842105263158,141,2.193024414549264,K,0.2127659574468085
14,0.06578947368421052,142,2.1033534475797624,Y,0.34507042253521125
15,0.06578947368421052,142,0.1576066145532738,P,0.971830985915493
16,0.06578947368421052,142,0.9023570654736368,I,0.7112676056338029
17,0.06578947368421052,142,1.096426736393313,I,0.6338028169014085
18,0.06578947368421052,142,0.49222251883883594,Q,0.8732394366197183
19,0.06578947368421052,142,0.3259073694541503,A,0.9225352112676056
20,0.06578947368421052,142,0.29613198528230783,P,0.9225352112676056
21,0.039473684210526314,146,0.11324308411733208,M,0.9794520547945206
22,0.039473684210526314,146,0.5604417326305906,A,0.863013698630137
23,0.039473684210526314,146,0.181750584658158,G,0.9657534246575342
24,0.2565789473684211,113,1.8574324716351454,V,0.336283185840708
25,0.05921052631578947,143,1.529128501297161,S,0.4755244755244755
26,0.039473684210526314,146,1.0781825376122336,T,0.7191780821917808
27,0.039473684210526314,146,1.4738219739178442,P,0.589041095890411
28,0.039473684210526314,146,1.910120701124281,E,0.3698630136986301
29,0.039473684210526314,146,0.844234772131287,L,0.684931506849315
30,0.039473684210526314,146,0.8630485349912722,A,0.6712328767123288
31,0.039473684210526314,146,1.3210556119700327,A,0.6301369863013698
32,0.039473684210526314,146,1.4216079177679777,A,0.6438356164383562
33,0.039473684210526314,146,0.6330982569921779,V,0.8356164383561644
34,0.039473684210526314,146,1.3452155327078616,S,0.5753424657534246
35,0.039473684210526314,146,1.7950896302553434,N,0.4794520547945205
36,0.039473684210526314,146,1.5780036399743778,A,0.6095890410958904
37,0.039473684210526314,146,-0.0,G,1.0
38,0.039473684210526314,146,0.9959885674373037,G,0.6712328767123288
39,0.039473684210526314,146,0.5987538494234337,L,0.8424657534246576
40,0.039473684210526314,146,0.14456531416300214,G,0.9726027397260274
41,0.039473684210526314,146,0.9977260714767084,S,0.7397260273972602
42,0.039473684210526314,146,0.9605048079317842,L,0.6301369863013698
43,0.039473684210526314,146,1.1113759592303516,G,0.4246575342465753
44,0.039473684210526314,146,1.81918973221168,A,0.3013698630136986
45,0.039473684210526314,146,1.0458090259021982,G,0.5753424657534246
46,0.039473684210526314,146,2.0597238784042884,Y,0.23972602739726026
47,0.039473684210526314,146,2.1151665075236887,L,0.363013698630137
48,0.05921052631578947,143,2.0071844789470927,T,0.22377622377622378
49,0.039473684210526314,146,1.9251934147850187,P,0.3835616438356164
50,0.046052631578947366,145,2.0368964915807073,E,0.3586206896551724
51,0.05263157894736842,144,2.218091196907495,Q,0.2569444444444444
52,0.05263157894736842,144,1.7659885165458633,L,0.3263888888888889
53,0.05263157894736842,144,2.268571407056788,R,0.3333333333333333
54,0.05921052631578947,143,2.3639452922358264,A,0.21678321678321677
55,0.05921052631578947,143,2.295027123908487,A,0.1888111888111888
56,0.05263157894736842,144,1.376576162956464,I,0.5486111111111112
57,0.05263157894736842,144,2.3794495337881134,R,0.2013888888888889
58,0.046052631578947366,145,2.173532618361072,E,0.27586206896551724
59,0.05263157894736842,144,1.9345310876973505,I,0.20833333333333334
60,0.05921052631578947,143,1.6636928163466271,R,0.46153846153846156
61,0.24342105263157895,115,2.130988991043942,A,0.28695652173913044
62,0.2236842105263158,118,1.957432889547782,L,0.4406779661016949
63,0.05263157894736842,144,1.654516100236923,T,0.6180555555555556
64,0.03289473684210526,147,2.329954160624766,D,0.23809523809523808
65,0.03289473684210526,147,2.146598031516294,R,0.29931972789115646
66,0.03289473684210526,147,1.381002491485434,P,0.6666666666666666
67,0.03289473684210526,147,1.3608882879387956,F,0.5714285714285714
68,0.02631578947368421,147,1.3490935186651771,N,0.5714285714285714
69,0.02631578947368421,147,1.2097654139245808,V,0.5170068027210885
70,0.02631578947368421,147,0.08140950752034659,N,0.9863945578231292
71,0.03289473684210526,147,1.1301594990465593,F,0.4421768707482993
72,0.03289473684210526,147,0.21181166317026048,F,0.9591836734693877
73,0.03289473684210526,147,1.5610081279801238,C,0.42857142857142855
74,0.03289473684210526,147,1.3742761442106193,H,0.5918367346938775
75,0.03289473684210526,147,2.4018842613743505,E,0.22448979591836735
76,0.03289473684210526,147,2.5530478738396036,P,0.2585034013605442
77,0.03289473684210526,147,2.209793515842741,P,0.3469387755102041
78,0.039473684210526314,146,2.6355258441424656,E,0.10273972602739725
79,0.05921052631578947,143,2.488661340613944,P,0.26573426573426573
80,0.08552631578947369,139,2.0425610012476128,D,0.38848920863309355
81,0.07894736842105263,140,2.4542449800994937,P,0.18571428571428572
82,0.05921052631578947,143,2.250304769390269,A,0.24475524475524477
83,0.05921052631578947,143,2.325565801896521,Q,0.21678321678321677
84,0.039473684210526314,146,2.36759033441828,E,0.2534246575342466
85,0.02631578947368421,148,2.219288008826464,A,0.22972972972972974
86,0.02631578947368421,148,2.215511368872506,A,0.25675675675675674
87,0.03289473684210526,147,1.4757408727275572,W,0.5986394557823129
88,0.03289473684210526,147,2.312962490133708,L,0.2585034013605442
89,0.05263157894736842,144,2.227551499049782,A,0.16666666666666666
90,0.05263157894736842,144,2.4709996576541715,L,0.20833333333333334
91,0.05263157894736842,144,1.175328962041472,L,0.6805555555555556
92,0.05263157894736842,144,2.3219990163982094,A,0.2361111111111111
93,0.046052631578947366,145,1.925625500031269,P,0.496551724137931
94,0.046052631578947366,145,2.2440288086128826,Y,0.3310344827586207
95,0.039473684210526314,146,2.1204016879212024,F,0.2808219178082192
96,0.03289473684210526,147,2.4611030632924096,A,0.19727891156462585
97,0.046052631578947366,145,2.1132208689632406,E,0.36551724137931035
98,0.039473684210526314,146,2.1069914014448603,L,0.363013698630137
99,0.05921052631578947,143,1.9172051918370157,G,0.48951048951048953
100,0.13157894736842105,132,2.1137678708376058,L,0.25
101,0.18421052631578946,124,2.371084760409279,D,0.18548387096774194
102,0.125,133,2.4331513373151514,P,0.2932330827067669
103,0.3815789473684211,94,1.9367069903631469,P,0.5
104,0.4342105263157895,86,2.5733298631265633,S,0.16279069767441862
105,0.46710526315789475,81,1.9478253876466582,L,0.4567901234567901
106,0.24342105263157895,115,2.6884586298308504,P,0.11304347826086956
107,0.05921052631578947,143,2.571354721539771,E,0.15384615384615385
108,0.35526315789473684,98,2.515327467077079,P,0.17346938775510204
109,0.3881578947368421,93,2.5901510217581043,N,0.1827956989247312
110,0.1513157894736842,129,2.350246752844027,I,0.20930232558139536
111,0.09868421052631579,137,2.3707866196538614,Y,0.26277372262773724
112,0.07894736842105263,140,2.699787608089665,P,0.11428571428571428
113,0.013157894736842105,150,2.228573295791981,S,0.36
114,0.013157894736842105,150,2.264777797970189,F,0.35333333333333333
115,0.013157894736842105,150,2.5511865170868706,P,0.25333333333333335
116,0.03289473684210526,147,2.513008801499867,F,0.20408163265306123
117,0.03289473684210526,147,2.0535176515039337,F,0.29931972789115646
118,0.03289473684210526,147,2.0434224159290286,E,0.40816326530612246
119,0.13815789473684212,131,2.0316491679964392,E,0.29770992366412213
120,0.10526315789473684,136,2.2150347612646613,Q,0.27205882352941174
121,0.03289473684210526,147,1.8522447457492386,L,0.4013605442176871
122,0.06578947368421052,142,2.116943810340355,E,0.2535211267605634
123,0.06578947368421052,142,2.1183142337899095,V,0.2535211267605634
124,0.013157894736842105,150,1.411518088018139,L,0.5133333333333333
125,0.013157894736842105,150,1.991317864406495,L,0.4
126,0.006578947368421052,151,2.0159287455946022,E,0.3708609271523179
127,0.006578947368421052,151,2.3952148589396995,E,0.23841059602649006
128,0.006578947368421052,151,2.0146400594529643,R,0.304635761589404
129,0.006578947368421052,151,0.9706693118080569,P,0.6622516556291391
130,0.006578947368421052,151,1.8845609281944253,P,0.32450331125827814
131,0.006578947368421052,151,1.2041433898886011,V,0.5827814569536424
132,0.006578947368421052,151,1.2833536627393545,V,0.6291390728476821
133,0.006578947368421052,151,0.18951254455971228,S,0.9668874172185431
134,0.006578947368421052,151,0.17686656770617298,F,0.9668874172185431
135,0.006578947368421052,151,0.8913942347903248,H,0.6291390728476821
136,0.006578947368421052,151,0.09752319189377626,F,0.9801324503311258
137,0.006578947368421052,151,0.14986338239377117,G,0.9735099337748344
138,0.006578947368421052,151,1.5507940628392733,L,0.5099337748344371
139,0.006578947368421052,151,0.4574534600921908,P,0.8940397350993378
140,0.006578947368421052,151,2.111552529070243,S,0.26490066225165565
141,0.006578947368421052,151,2.331582888051913,A,0.17880794701986755
142,0.006578947368421052,151,2.236072777857106,A,0.23841059602649006
143,0.013157894736842105,150,2.346375678843987,L,0.21333333333333335
144,0.013157894736842105,150,1.2947026928778633,I,0.5133333333333333
145,0.013157894736842105,150,2.200056470686268,E,0.19333333333333333
146,0.013157894736842105,150,2.0336488957529943,R,0.31333333333333335
147,0.013157894736842105,150,0.9613396004711212,L,0.72
148,0.013157894736842105,150,1.3478221270887458,K,0.46
149,0.006578947368421052,151,2.2148371926116237,A,0.2251655629139073
150,0.006578947368421052,151,2.5180796131709906,A,0.24503311258278146
151,0.006578947368421052,151,0.9533026347636071,G,0.7814569536423841
152,0.006578947368421052,151,1.7292896306542476,I,0.46357615894039733
153,0.013157894736842105,150,2.469676759516454,K,0.18
154,0.013157894736842105,150,1.3036848078372796,V,0.43333333333333335
155,0.006578947368421052,151,1.8123474932122379,I,0.3443708609271523
156,0.006578947368421052,151,1.560627899228898,G,0.3443708609271523
157,0.006578947368421052,151,0.9134119391211399,T,0.6357615894039735
158,0.006578947368421052,151,0.6355955030853699,A,0.8278145695364238
159,0.006578947368421052,151,0.15904413975218107,T,0.9735099337748344
160,0.006578947368421052,151,1.3708532915262477,T,0.3708609271523179
161,0.006578947368421052,151,1.3850492843757878,V,0.5165562913907285
162,0.006578947368421052,151,2.0351533790343157,E,0.31125827814569534
163,0.006578947368421052,151,0.16197027248448265,E,0.9668874172185431
164,0.006578947368421052,151,0.7024646782367052,A,0.8410596026490066
165,0.006578947368421052,151,2.1909720020995103,R,0.2582781456953642
166,0.006578947368421052,151,2.34180688369242,A,0.2582781456953642
167,0.006578947368421052,151,1.5608374953570507,L,0.47019867549668876
168,0.013157894736842105,150,1.7811061779447899,E,0.5
169,0.06578947368421052,142,2.1247218354127475,A,0.23943661971830985
170,0.039473684210526314,146,2.0528651766110646,A,0.410958904109589
171,0.006578947368421052,151,0.8223969333097216,G,0.8278145695364238
172,0.006578947368421052,151,1.7472364549873636,V,0.3576158940397351
173,0.006578947368421052,151,0.380540066404183,D,0.9271523178807947
174,0.006578947368421052,151,1.5250532869339348,A,0.47019867549668876
175,0.006578947368421052,151,1.0201135656792837,I,0.48344370860927155
176,0.006578947368421052,151,1.0965444784795584,V,0.5033112582781457
177,0.006578947368421052,151,1.1841232615801938,A,0.6158940397350994
178,0.006578947368421052,151,0.201574074593316,Q,0.9602649006622517
179,0.006578947368421052,151,0.07043020802688917,G,0.9867549668874173
180,0.006578947368421052,151,2.335545486408881,Y,0.23178807947019867
181,0.006578947368421052,151,0.2714635856045522,E,0.9470198675496688
182,0.006578947368421052,151,-0.0,A,1.0
183,0.006578947368421052,151,0.03982755791135904,G,0.9933774834437086
184,0.006578947368421052,151,-0.0,G,1.0
185,0.006578947368421052,151,-0.0,H,1.0
186,0.006578947368421052,151,0.11016916874731558,R,0.9801324503311258
187,0.006578947368421052,151,0.33991098683055987,G,0.9139072847682119
188,0.006578947368421052,151,2.3753269298412887,S,0.17880794701986755
189,0.006578947368421052,151,0.27371390397270323,F,0.9470198675496688
190,0.006578947368421052,151,1.9258283714024647,L,0.4503311258278146
191,0.006578947368421052,151,2.4812460440636306,P,0.2251655629139073
192,0.05921052631578947,143,2.529903865025598,D,0.16083916083916083
193,0.046052631578947366,145,1.9445041338703732,D,0.45517241379310347
194,0.15789473684210525,128,2.2724931892886624,E,0.2421875
195,0.013157894736842105,150,2.440500521562236,Q,0.24666666666666667
196,0.013157894736842105,150,1.6517312367766577,L,0.4
197,0.013157894736842105,150,1.4415805261661232,G,0.52
198,0.013157894736842105,150,1.0131301840447364,T,0.6466666666666666
199,0.006578947368421052,151,2.349634712327645,L,0.2251655629139073
200,0.006578947368421052,151,1.9455207323815589,A,0.4105960264900662
201,0.006578947368421052,151,0.13721740554023187,L,0.9735099337748344
202,0.006578947368421052,151,1.4629813538189822,V,0.41721854304635764
203,0.006578947368421052,151,2.1153307916400084,P,0.3509933774834437
204,0.006578947368421052,151,1.8855139477418088,Q,0.46357615894039733
205,0.006578947368421052,151,1.6246933251642006,V,0.304635761589404
206,0.013157894736842105,150,1.9555504703455147,V,0.4
207,0.019736842105263157,149,2.024994734343075,D,0.3087248322147651
208,0.019736842105263157,149,2.402139608296486,A,0.2953020134228188
209,0.019736842105263157,149,1.706943690200339,V,0.40939597315436244
210,0.013157894736842105,150,2.4246096274334827,S,0.18666666666666668
211,0.013157894736842105,150,1.7488934070570155,I,0.30666666666666664
212,0.006578947368421052,151,0.8024624480007417,P,0.7947019867549668
213,0.006578947368421052,151,0.9785808554565318,V,0.6158940397350994
214,0.006578947368421052,151,0.6820929581233639,I,0.7682119205298014
215,0.006578947368421052,151,0.5646125179861365,A,0.847682119205298
216,0.006578947368421052,151,0.43665341009070124,A,0.8874172185430463
217,0.006578947368421052,151,0.03982755791135904,G,0.9933774834437086
218,0.006578947368421052,151,0.11934992610572545,G,0.9801324503311258
219,0.006578947368421052,151,0.4591267815439504,I,0.8940397350993378
220,0.006578947368421052,151,1.721869521582132,M,0.47019867549668876
221,0.006578947368421052,151,1.1568614837043458,D,0.6423841059602649
222,0.006578947368421052,151,1.670702157174784,G,0.5298013245033113
223,0.006578947368421052,151,2.022315884920794,R,0.31788079470198677
224,0.006578947368421052,151,1.732692570402359,G,0.4304635761589404
225,0.006578947368421052,151,1.334105560162293,I,0.5033112582781457
226,0.006578947368421052,151,2.1885715909541497,A,0.3576158940397351
227,0.006578947368421052,151,1.6996441099941553,A,0.5894039735099338
228,0.006578947368421052,151,1.8234055881353737,A,0.4304635761589404
229,0.006578947368421052,151,1.5875822101885955,L,0.5496688741721855
230,0.006578947368421052,151,2.4545999798923894,A,0.24503311258278146
231,0.006578947368421052,151,1.7268332964385316,L,0.5695364238410596
232,0.019736842105263157,149,0.1916012757436874,G,0.9664429530201343
233,0.019736842105263157,149,0.33200546449062734,A,0.9328859060402684
234,0.02631578947368421,148,2.123794607519453,S,0.2702702702702703
235,0.02631578947368421,148,0.9574244287292982,A,0.6486486486486487
236,0.02631578947368421,148,0.9035898211393812,V,0.7027027027027027
237,0.02631578947368421,148,0.39687183288980565,Q,0.918918918918919
238,0.02631578947368421,148,1.5885438575702584,L,0.39864864864864863
239,0.02631578947368421,148,0.040498826085235126,G,0.9932432432432432
240,0.02631578947368421,148,0.3612027265284521,T,0.9054054054054054
241,0.02631578947368421,148,1.2739190258037945,A,0.668918918918919
242,0.03289473684210526,147,0.6449101521588381,F,0.8163265306122449
243,0.03289473684210526,147,0.8298054364436298,L,0.7346938775510204
244,0.03289473684210526,147,2.151982971417107,L,0.2857142857142857
245,0.03289473684210526,147,1.2902383061105211,C,0.47619047619047616
246,0.019736842105263157,149,2.125309760541525,P,0.37583892617449666
247,0.019736842105263157,149,0.4879810750235508,E,0.8926174496644296
248,0.013157894736842105,150,1.035345638739619,S,0.6266666666666667
249,0.013157894736842105,150,2.210376241637805,G,0.26666666666666666
250,0.013157894736842105,150,1.613279331767199,A,0.44
251,0.013157894736842105,150,2.068601612145261,S,0.32666666666666666
252,0.019736842105263157,149,2.2584663781886816,P,0.28859060402684567
253,0.02631578947368421,148,2.4989275728704223,A,0.22297297297297297
254,0.019736842105263157,149,1.7006027636653087,H,0.37583892617449666
255,0.013157894736842105,150,1.3478819722248085,R,0.54
256,0.02631578947368421,148,2.065162415704775,A,0.25
257,0.046052631578947366,145,1.9846897779136414,A,0.4827586206896552
258,0.046052631578947366,145,1.1181675835112181,L,0.6620689655172414
259,0.046052631578947366,145,2.5478563085007657,L,0.21379310344827587
260,0.11842105263157894,134,2.344476367466809,S,0.208955223880597
261,0.15789473684210525,128,2.2742493644893753,A,0.3125
262,0.40789473684210525,90,2.2585601141277136,A,0.3111111111111111
263,0.3684210526315789,96,2.844706019781449,P,0.09375
264,0.046052631578947366,145,2.436836360388813,D,0.19310344827586207
265,0.046052631578947366,145,0.3403203110863485,T,0.9379310344827586
266,0.046052631578947366,145,2.110709054107224,V,0.3586206896551724
267,0.046052631578947366,145,1.5053257812875973,L,0.36551724137931035
268,0.046052631578947366,145,0.4790117110442223,T,0.896551724137931
269,0.046052631578947366,145,2.1400257413811183,R,0.23448275862068965
270,0.046052631578947366,145,1.693963534063389,A,0.3931034482758621
271,0.046052631578947366,145,1.4400862728086474,F,0.4689655172413793
272,0.046052631578947366,145,0.5494058488561803,S,0.7862068965517242
273,0.046052631578947366,145,-0.0,G,1.0
274,0.039473684210526314,146,0.8097353735546036,R,0.6232876712328768
275,0.039473684210526314,146,1.8698622465989918,P,0.5273972602739726
276,0.039473684210526314,146,0.3168442729904314,A,0.9452054794520548
277,0.039473684210526314,146,0.16355564787697327,R,0.9726027397260274
278,0.039473684210526314,146,1.242477705536435,G,0.6164383561643836
279,0.039473684210526314,146,1.2826316612276596,I,0.5273972602739726
280,0.05263157894736842,144,2.38934972086555,R,0.2152777777777778
281,0.05263157894736842,144,0.8054649744987437,N,0.6944444444444444
282,0.05921052631578947,143,2.04606445064498,R,0.3916083916083916
283,0.05921052631578947,143,1.4790786030319942,F,0.5804195804195804
284,0.05921052631578947,143,1.7556033561798219,I,0.3356643356643357
285,0.06578947368421052,142,2.2668749544947,R,0.22535211267605634
286,0.06578947368421052,142,2.184583200715009,E,0.39436619718309857
287,0.39473684210526316,92,1.8934855814924796,L,0.41304347826086957
288,0.3881578947368421,93,2.264268615655827,G,0.2903225806451613
289,0.40131578947368424,91,2.6003381732933866,P,0.17582417582417584
290,0.40789473684210525,90,2.6347181458398987,A,0.1111111111111111
291,0.34868421052631576,99,2.5992613605667727,A,0.12121212121212122
292,0.24342105263157895,115,2.5371752324924737,G,0.14782608695652175
293,0.16447368421052633,126,2.577188803955647,A,0.14285714285714285
294,0.15789473684210525,128,2.513898567706591,E,0.1640625
295,0.06578947368421052,142,2.0206317654500237,L,0.2746478873239437
296,0.06578947368421052,142,0.9877774518667534,P,0.7112676056338029
297,0.07894736842105263,140,1.8268758212230456,P,0.35
298,0.06578947368421052,142,0.7819648221047433,Y,0.6830985915492958
299,0.07894736842105263,140,0.7462522151530677,P,0.7928571428571428
300,0.07894736842105263,140,2.080330184846053,Y,0.25
301,0.07894736842105263,140,1.9689098573734394,A,0.3
302,0.06578947368421052,142,1.9616226612634975,Y,0.352112676056338
303,0.06578947368421052,142,2.505284172856239,D,0.2112676056338028
304,0.06578947368421052,142,1.7700186155556472,L,0.3591549295774648
305,0.06578947368421052,142,1.970914774072366,T,0.39436619718309857
306,0.06578947368421052,142,1.7820651930130182,K,0.47183098591549294
307,0.06578947368421052,142,2.1264403026373,P,0.33098591549295775
308,0.06578947368421052,142,1.0888963606073474,L,0.676056338028169
309,0.06578947368421052,142,1.6536310092309816,R,0.5633802816901409
310,0.09210526315789473,138,2.070036636301325,A,0.26811594202898553
311,0.1118421052631579,135,2.0135379936519135,A,0.42962962962962964
312,0.16447368421052633,127,1.1468090675857951,A,0.7322834645669292
313,0.17105263157894737,126,2.2542029359646523,A,0.2619047619047619
314,0.18421052631578946,124,2.1780014098458356,A,0.22580645161290322
315,0.26973684210526316,111,2.3308816572438342,Q,0.22522522522522523
316,0.125,133,1.8042387215789544,G,0.5112781954887218
317,0.125,133,2.1889115806484867,D,0.22556390977443608
318,0.1118421052631579,135,2.640326723599838,P,0.14814814814814814
319,0.07236842105263158,141,1.784914586015674,D,0.3900709219858156
320,0.06578947368421052,142,1.7456752974847334,F,0.4507042253521127
321,0.06578947368421052,142,2.149291426920225,G,0.23943661971830985
322,0.07236842105263158,141,1.9399698538225636,S,0.3120567375886525
323,0.07236842105263158,141,1.8872681097628665,L,0.41134751773049644
324,0.06578947368421052,142,0.7540083655406193,W,0.7464788732394366
325,0.07236842105263158,141,1.0757937704094136,A,0.6737588652482269
326,0.07894736842105263,140,0.04241473185811746,G,0.9928571428571429
327,0.07894736842105263,140,1.2751989223210407,Q,0.6642857142857143
328,0.07894736842105263,140,1.6865211806745584,G,0.32857142857142857
329,0.07894736842105263,140,2.1415376628086142,A,0.3142857142857143
330,0.08552631578947369,139,2.4749276023439477,A,0.16546762589928057
331,0.09210526315789473,138,2.2097549096432454,L,0.391304347826087
332,0.08552631578947369,139,2.126215992247022,A,0.3237410071942446
333,0.09210526315789473,138,1.913694953700468,R,0.4492753623188406
334,0.07236842105263158,141,2.5639954589329474,E,0.18439716312056736
335,0.24342105263157895,115,2.470847928171018,L,0.2782608695652174
336,0.2236842105263158,118,1.6831461049068006,P,0.3898305084745763
337,0.1118421052631579,135,1.4241561252255022,A,0.5925925925925926
338,0.1118421052631579,135,2.2021507928352833,A,0.3333333333333333
339,0.09868421052631579,137,1.9235638192224926,E,0.43795620437956206
340,0.08552631578947369,139,1.2158750973516428,L,0.5179856115107914
341,0.08552631578947369,139,1.914103860090696,V,0.2517985611510791
342,0.07894736842105263,140,2.4424067402191127,A,0.15714285714285714
343,0.07894736842105263,140,2.6105043054475834,E,0.12142857142857143
344,0.08552631578947369,139,0.8866738888810146,L,0.7913669064748201
345,0.09210526315789473,138,2.4542362089232186,V,0.2391304347826087
346,0.125,133,2.529462292801601,K,0.13533834586466165
347,0.1513157894736842,129,1.8125659021492828,E,0.5038759689922481
348,0.21052631578947367,120,2.343938440122436,L,0.26666666666666666
349,0.34210526315789475,100,2.6710776433291286,E,0.14
350,0.40789473684210525,90,2.571157965028188,A,0.2
